idHaza,nHaza,caballerizas,partido,rentaAnual,hectareas,uso,localizacion,fechaInicio,fechaFin,,
LASH2C18S979,2,18,Las Corderas,1908.41,18.9,Militar,Zona Norte,2000-10-04,2008-11-02,,"INSERT INTO hazas (idHaza, nHaza, caballerizas, partido, rentaAnual, hectareas, uso, localizacion, fechaInicio, fechaFin) VALUES ('LASH2C18S979', 2, 18, 'Las Corderas', 1908.41, 18.9, 'Militar', 'Zona Norte', '2000-10-04', '2008-11-02');"
EL H20C20S283,20,20,El águila,1319.66,2.91,Militar,Pradera Oeste,2014-11-11,2022-03-27,,"INSERT INTO hazas (idHaza, nHaza, caballerizas, partido, rentaAnual, hectareas, uso, localizacion, fechaInicio, fechaFin) VALUES ('EL H20C20S283', 20, 20, 'El águila', 1319.66, 2.91, 'Militar', 'Pradera Oeste', '2014-11-11', '2022-03-27');"
LASH9C15S760,9,15,Las Corderas,1314.62,3.86,Venta,Pradera Oeste,2021-06-07,2023-03-15,,"INSERT INTO hazas (idHaza, nHaza, caballerizas, partido, rentaAnual, hectareas, uso, localizacion, fechaInicio, fechaFin) VALUES ('LASH9C15S760', 9, 15, 'Las Corderas', 1314.62, 3.86, 'Venta', 'Pradera Oeste', '2021-06-07', '2023-03-15');"
MARH15C12S687,15,12,Marmosilla,1189.85,7.51,Militar,Zona Norte,2001-04-06,2004-02-20,,"INSERT INTO hazas (idHaza, nHaza, caballerizas, partido, rentaAnual, hectareas, uso, localizacion, fechaInicio, fechaFin) VALUES ('MARH15C12S687', 15, 12, 'Marmosilla', 1189.85, 7.51, 'Militar', 'Zona Norte', '2001-04-06', '2004-02-20');"
MARH8C8S165,8,8,Marmosilla,1070.73,13.38,Arrendamiento,Pradera Oeste,2024-01-22,2030-10-25,,"INSERT INTO hazas (idHaza, nHaza, caballerizas, partido, rentaAnual, hectareas, uso, localizacion, fechaInicio, fechaFin) VALUES ('MARH8C8S165', 8, 8, 'Marmosilla', 1070.73, 13.38, 'Arrendamiento', 'Pradera Oeste', '2024-01-22', '2030-10-25');"
CANH16C18S601,16,18,Cantarranas,1137.08,1.54,Arrendamiento,Pradera Oeste,2000-12-11,2005-12-14,,"INSERT INTO hazas (idHaza, nHaza, caballerizas, partido, rentaAnual, hectareas, uso, localizacion, fechaInicio, fechaFin) VALUES ('CANH16C18S601', 16, 18, 'Cantarranas', 1137.08, 1.54, 'Arrendamiento', 'Pradera Oeste', '2000-12-11', '2005-12-14');"
COMH1C6S138,1,6,Compradizas,1309.12,9.03,Arrendamiento,Pradera Oeste,2020-12-25,2023-06-11,,"INSERT INTO hazas (idHaza, nHaza, caballerizas, partido, rentaAnual, hectareas, uso, localizacion, fechaInicio, fechaFin) VALUES ('COMH1C6S138', 1, 6, 'Compradizas', 1309.12, 9.03, 'Arrendamiento', 'Pradera Oeste', '2020-12-25', '2023-06-11');"
BUJH17C7S463,17,7,Bujar,1027.98,5.75,Cultivo,Pradera Oeste,2022-03-18,2031-11-25,,"INSERT INTO hazas (idHaza, nHaza, caballerizas, partido, rentaAnual, hectareas, uso, localizacion, fechaInicio, fechaFin) VALUES ('BUJH17C7S463', 17, 7, 'Bujar', 1027.98, 5.75, 'Cultivo', 'Pradera Oeste', '2022-03-18', '2031-11-25');"
CANH3C12S238,3,12,Cantarranas,1656.81,2.67,Militar,Zona Norte,2022-10-15,2030-12-10,,"INSERT INTO hazas (idHaza, nHaza, caballerizas, partido, rentaAnual, hectareas, uso, localizacion, fechaInicio, fechaFin) VALUES ('CANH3C12S238', 3, 12, 'Cantarranas', 1656.81, 2.67, 'Militar', 'Zona Norte', '2022-10-15', '2030-12-10');"
MANH10C12S943,10,12,Manzanete,1074.73,11.36,Arrendamiento,Centro Agrícola,2010-08-12,2013-07-13,,"INSERT INTO hazas (idHaza, nHaza, caballerizas, partido, rentaAnual, hectareas, uso, localizacion, fechaInicio, fechaFin) VALUES ('MANH10C12S943', 10, 12, 'Manzanete', 1074.73, 11.36, 'Arrendamiento', 'Centro Agrícola', '2010-08-12', '2013-07-13');"
EL H2C9S407,2,9,El águila,1914.98,17.65,Cultivo,Colina Este,2013-03-14,2014-06-14,,"INSERT INTO hazas (idHaza, nHaza, caballerizas, partido, rentaAnual, hectareas, uso, localizacion, fechaInicio, fechaFin) VALUES ('EL H2C9S407', 2, 9, 'El águila', 1914.98, 17.65, 'Cultivo', 'Colina Este', '2013-03-14', '2014-06-14');"
CANH13C6S179,13,6,Cantarranas,1103.09,18.89,Venta,Valle Sur,2010-01-24,2012-08-17,,"INSERT INTO hazas (idHaza, nHaza, caballerizas, partido, rentaAnual, hectareas, uso, localizacion, fechaInicio, fechaFin) VALUES ('CANH13C6S179', 13, 6, 'Cantarranas', 1103.09, 18.89, 'Venta', 'Valle Sur', '2010-01-24', '2012-08-17');"
COMH18C16S220,18,16,Compradizas,1089.31,1.91,Cultivo,Valle Sur,2009-01-29,2017-06-14,,"INSERT INTO hazas (idHaza, nHaza, caballerizas, partido, rentaAnual, hectareas, uso, localizacion, fechaInicio, fechaFin) VALUES ('COMH18C16S220', 18, 16, 'Compradizas', 1089.31, 1.91, 'Cultivo', 'Valle Sur', '2009-01-29', '2017-06-14');"
EL H6C20S445,6,20,El águila,1003.05,3.47,Militar,Valle Sur,2023-09-12,2031-06-18,,"INSERT INTO hazas (idHaza, nHaza, caballerizas, partido, rentaAnual, hectareas, uso, localizacion, fechaInicio, fechaFin) VALUES ('EL H6C20S445', 6, 20, 'El águila', 1003.05, 3.47, 'Militar', 'Valle Sur', '2023-09-12', '2031-06-18');"
COMH13C1S480,13,1,Compradizas,1323.41,3.11,Venta,Zona Norte,2022-07-07,2030-11-04,,"INSERT INTO hazas (idHaza, nHaza, caballerizas, partido, rentaAnual, hectareas, uso, localizacion, fechaInicio, fechaFin) VALUES ('COMH13C1S480', 13, 1, 'Compradizas', 1323.41, 3.11, 'Venta', 'Zona Norte', '2022-07-07', '2030-11-04');"
CANH20C6S686,20,6,Cantarranas,1138.49,2.12,Arrendamiento,Centro Agrícola,2002-11-06,2010-01-23,,"INSERT INTO hazas (idHaza, nHaza, caballerizas, partido, rentaAnual, hectareas, uso, localizacion, fechaInicio, fechaFin) VALUES ('CANH20C6S686', 20, 6, 'Cantarranas', 1138.49, 2.12, 'Arrendamiento', 'Centro Agrícola', '2002-11-06', '2010-01-23');"
EL H1C15S317,1,15,El águila,1911.22,19.15,Arrendamiento,Colina Este,2015-12-12,2016-08-02,,"INSERT INTO hazas (idHaza, nHaza, caballerizas, partido, rentaAnual, hectareas, uso, localizacion, fechaInicio, fechaFin) VALUES ('EL H1C15S317', 1, 15, 'El águila', 1911.22, 19.15, 'Arrendamiento', 'Colina Este', '2015-12-12', '2016-08-02');"
CANH14C11S938,14,11,Cantarranas,1733.77,18.12,Venta,Zona Norte,2011-10-03,2018-03-31,,"INSERT INTO hazas (idHaza, nHaza, caballerizas, partido, rentaAnual, hectareas, uso, localizacion, fechaInicio, fechaFin) VALUES ('CANH14C11S938', 14, 11, 'Cantarranas', 1733.77, 18.12, 'Venta', 'Zona Norte', '2011-10-03', '2018-03-31');"
EL H2C7S611,2,7,El águila,1493.54,2.57,Venta,Pradera Oeste,2020-11-26,2023-06-18,,"INSERT INTO hazas (idHaza, nHaza, caballerizas, partido, rentaAnual, hectareas, uso, localizacion, fechaInicio, fechaFin) VALUES ('EL H2C7S611', 2, 7, 'El águila', 1493.54, 2.57, 'Venta', 'Pradera Oeste', '2020-11-26', '2023-06-18');"
EL H1C6S199,1,6,El águila,1367.47,10.77,Venta,Valle Sur,2024-04-14,2034-02-23,,"INSERT INTO hazas (idHaza, nHaza, caballerizas, partido, rentaAnual, hectareas, uso, localizacion, fechaInicio, fechaFin) VALUES ('EL H1C6S199', 1, 6, 'El águila', 1367.47, 10.77, 'Venta', 'Valle Sur', '2024-04-14', '2034-02-23');"
LASH3C13S987,3,13,Las Corderas,1359.12,4.03,Arrendamiento,Colina Este,2015-09-09,2021-11-30,,"INSERT INTO hazas (idHaza, nHaza, caballerizas, partido, rentaAnual, hectareas, uso, localizacion, fechaInicio, fechaFin) VALUES ('LASH3C13S987', 3, 13, 'Las Corderas', 1359.12, 4.03, 'Arrendamiento', 'Colina Este', '2015-09-09', '2021-11-30');"
CANH3C7S579,3,7,Cantarranas,1875.68,17.53,Militar,Pradera Oeste,2016-01-23,2018-05-28,,"INSERT INTO hazas (idHaza, nHaza, caballerizas, partido, rentaAnual, hectareas, uso, localizacion, fechaInicio, fechaFin) VALUES ('CANH3C7S579', 3, 7, 'Cantarranas', 1875.68, 17.53, 'Militar', 'Pradera Oeste', '2016-01-23', '2018-05-28');"
EL H9C9S673,9,9,El águila,1571.78,9.23,Cultivo,Centro Agrícola,2006-12-04,2013-06-15,,"INSERT INTO hazas (idHaza, nHaza, caballerizas, partido, rentaAnual, hectareas, uso, localizacion, fechaInicio, fechaFin) VALUES ('EL H9C9S673', 9, 9, 'El águila', 1571.78, 9.23, 'Cultivo', 'Centro Agrícola', '2006-12-04', '2013-06-15');"
MANH20C6S932,20,6,Manzanete,1586.16,15.54,Cultivo,Colina Este,2019-05-21,2020-03-10,,"INSERT INTO hazas (idHaza, nHaza, caballerizas, partido, rentaAnual, hectareas, uso, localizacion, fechaInicio, fechaFin) VALUES ('MANH20C6S932', 20, 6, 'Manzanete', 1586.16, 15.54, 'Cultivo', 'Colina Este', '2019-05-21', '2020-03-10');"
MANH3C20S610,3,20,Manzanete,1620.19,4.08,Venta,Centro Agrícola,2017-07-27,2025-10-01,,"INSERT INTO hazas (idHaza, nHaza, caballerizas, partido, rentaAnual, hectareas, uso, localizacion, fechaInicio, fechaFin) VALUES ('MANH3C20S610', 3, 20, 'Manzanete', 1620.19, 4.08, 'Venta', 'Centro Agrícola', '2017-07-27', '2025-10-01');"
COMH2C18S683,2,18,Compradizas,1864.08,7.73,Venta,Valle Sur,2023-05-09,2024-05-03,,"INSERT INTO hazas (idHaza, nHaza, caballerizas, partido, rentaAnual, hectareas, uso, localizacion, fechaInicio, fechaFin) VALUES ('COMH2C18S683', 2, 18, 'Compradizas', 1864.08, 7.73, 'Venta', 'Valle Sur', '2023-05-09', '2024-05-03');"
COMH13C15S957,13,15,Compradizas,1305.8,4.14,Militar,Pradera Oeste,2014-08-02,2015-08-16,,"INSERT INTO hazas (idHaza, nHaza, caballerizas, partido, rentaAnual, hectareas, uso, localizacion, fechaInicio, fechaFin) VALUES ('COMH13C15S957', 13, 15, 'Compradizas', 1305.8, 4.14, 'Militar', 'Pradera Oeste', '2014-08-02', '2015-08-16');"
LASH1C19S868,1,19,Las Corderas,1824.5,6.51,Cultivo,Centro Agrícola,2008-01-06,2013-01-07,,"INSERT INTO hazas (idHaza, nHaza, caballerizas, partido, rentaAnual, hectareas, uso, localizacion, fechaInicio, fechaFin) VALUES ('LASH1C19S868', 1, 19, 'Las Corderas', 1824.5, 6.51, 'Cultivo', 'Centro Agrícola', '2008-01-06', '2013-01-07');"
MARH5C7S708,5,7,Marmosilla,1903.75,13.44,Militar,Pradera Oeste,2009-10-12,2018-11-01,,"INSERT INTO hazas (idHaza, nHaza, caballerizas, partido, rentaAnual, hectareas, uso, localizacion, fechaInicio, fechaFin) VALUES ('MARH5C7S708', 5, 7, 'Marmosilla', 1903.75, 13.44, 'Militar', 'Pradera Oeste', '2009-10-12', '2018-11-01');"
BUJH16C1S605,16,1,Bujar,1326.25,7.21,Militar,Zona Norte,2004-06-27,2010-07-25,,"INSERT INTO hazas (idHaza, nHaza, caballerizas, partido, rentaAnual, hectareas, uso, localizacion, fechaInicio, fechaFin) VALUES ('BUJH16C1S605', 16, 1, 'Bujar', 1326.25, 7.21, 'Militar', 'Zona Norte', '2004-06-27', '2010-07-25');"
CANH9C6S280,9,6,Cantarranas,1075.63,17.27,Militar,Valle Sur,2017-07-12,2026-02-02,,"INSERT INTO hazas (idHaza, nHaza, caballerizas, partido, rentaAnual, hectareas, uso, localizacion, fechaInicio, fechaFin) VALUES ('CANH9C6S280', 9, 6, 'Cantarranas', 1075.63, 17.27, 'Militar', 'Valle Sur', '2017-07-12', '2026-02-02');"
LASH14C1S550,14,1,Las Corderas,1954.13,5.65,Arrendamiento,Zona Norte,2001-03-21,2006-06-16,,"INSERT INTO hazas (idHaza, nHaza, caballerizas, partido, rentaAnual, hectareas, uso, localizacion, fechaInicio, fechaFin) VALUES ('LASH14C1S550', 14, 1, 'Las Corderas', 1954.13, 5.65, 'Arrendamiento', 'Zona Norte', '2001-03-21', '2006-06-16');"
COMH15C6S367,15,6,Compradizas,1581.91,19.62,Militar,Centro Agrícola,2015-11-17,2021-04-15,,"INSERT INTO hazas (idHaza, nHaza, caballerizas, partido, rentaAnual, hectareas, uso, localizacion, fechaInicio, fechaFin) VALUES ('COMH15C6S367', 15, 6, 'Compradizas', 1581.91, 19.62, 'Militar', 'Centro Agrícola', '2015-11-17', '2021-04-15');"
COMH14C5S492,14,5,Compradizas,1680.85,5.26,Arrendamiento,Zona Norte,2009-05-31,2018-08-02,,"INSERT INTO hazas (idHaza, nHaza, caballerizas, partido, rentaAnual, hectareas, uso, localizacion, fechaInicio, fechaFin) VALUES ('COMH14C5S492', 14, 5, 'Compradizas', 1680.85, 5.26, 'Arrendamiento', 'Zona Norte', '2009-05-31', '2018-08-02');"
COMH11C12S566,11,12,Compradizas,1337.12,1.87,Arrendamiento,Zona Norte,2019-05-14,2028-12-25,,"INSERT INTO hazas (idHaza, nHaza, caballerizas, partido, rentaAnual, hectareas, uso, localizacion, fechaInicio, fechaFin) VALUES ('COMH11C12S566', 11, 12, 'Compradizas', 1337.12, 1.87, 'Arrendamiento', 'Zona Norte', '2019-05-14', '2028-12-25');"
COMH7C17S712,7,17,Compradizas,1231.6,4.61,Cultivo,Zona Norte,2019-06-04,2020-09-23,,"INSERT INTO hazas (idHaza, nHaza, caballerizas, partido, rentaAnual, hectareas, uso, localizacion, fechaInicio, fechaFin) VALUES ('COMH7C17S712', 7, 17, 'Compradizas', 1231.6, 4.61, 'Cultivo', 'Zona Norte', '2019-06-04', '2020-09-23');"
EL H5C12S925,5,12,El águila,1946.59,5.0,Venta,Zona Norte,2016-12-26,2018-07-25,,"INSERT INTO hazas (idHaza, nHaza, caballerizas, partido, rentaAnual, hectareas, uso, localizacion, fechaInicio, fechaFin) VALUES ('EL H5C12S925', 5, 12, 'El águila', 1946.59, 5.0, 'Venta', 'Zona Norte', '2016-12-26', '2018-07-25');"
LASH5C1S583,5,1,Las Corderas,1390.39,4.98,Cultivo,Centro Agrícola,2001-12-06,2011-11-11,,"INSERT INTO hazas (idHaza, nHaza, caballerizas, partido, rentaAnual, hectareas, uso, localizacion, fechaInicio, fechaFin) VALUES ('LASH5C1S583', 5, 1, 'Las Corderas', 1390.39, 4.98, 'Cultivo', 'Centro Agrícola', '2001-12-06', '2011-11-11');"
ALGH12C3S416,12,3,Algar,1238.75,19.63,Cultivo,Pradera Oeste,2009-04-20,2014-07-22,,"INSERT INTO hazas (idHaza, nHaza, caballerizas, partido, rentaAnual, hectareas, uso, localizacion, fechaInicio, fechaFin) VALUES ('ALGH12C3S416', 12, 3, 'Algar', 1238.75, 19.63, 'Cultivo', 'Pradera Oeste', '2009-04-20', '2014-07-22');"
LASH13C3S633,13,3,Las Corderas,1946.27,16.87,Cultivo,Centro Agrícola,2018-10-24,2027-09-05,,"INSERT INTO hazas (idHaza, nHaza, caballerizas, partido, rentaAnual, hectareas, uso, localizacion, fechaInicio, fechaFin) VALUES ('LASH13C3S633', 13, 3, 'Las Corderas', 1946.27, 16.87, 'Cultivo', 'Centro Agrícola', '2018-10-24', '2027-09-05');"
MARH9C13S682,9,13,Marmosilla,1574.71,5.48,Militar,Valle Sur,2011-08-07,2021-06-19,,"INSERT INTO hazas (idHaza, nHaza, caballerizas, partido, rentaAnual, hectareas, uso, localizacion, fechaInicio, fechaFin) VALUES ('MARH9C13S682', 9, 13, 'Marmosilla', 1574.71, 5.48, 'Militar', 'Valle Sur', '2011-08-07', '2021-06-19');"
BUJH15C3S718,15,3,Bujar,1559.56,0.55,Militar,Pradera Oeste,2023-07-06,2030-12-02,,"INSERT INTO hazas (idHaza, nHaza, caballerizas, partido, rentaAnual, hectareas, uso, localizacion, fechaInicio, fechaFin) VALUES ('BUJH15C3S718', 15, 3, 'Bujar', 1559.56, 0.55, 'Militar', 'Pradera Oeste', '2023-07-06', '2030-12-02');"
MARH8C9S382,8,9,Marmosilla,1775.66,3.7,Arrendamiento,Centro Agrícola,2006-07-06,2015-12-07,,"INSERT INTO hazas (idHaza, nHaza, caballerizas, partido, rentaAnual, hectareas, uso, localizacion, fechaInicio, fechaFin) VALUES ('MARH8C9S382', 8, 9, 'Marmosilla', 1775.66, 3.7, 'Arrendamiento', 'Centro Agrícola', '2006-07-06', '2015-12-07');"
BUJH16C18S270,16,18,Bujar,1085.75,8.8,Venta,Zona Norte,2000-01-12,2009-12-03,,"INSERT INTO hazas (idHaza, nHaza, caballerizas, partido, rentaAnual, hectareas, uso, localizacion, fechaInicio, fechaFin) VALUES ('BUJH16C18S270', 16, 18, 'Bujar', 1085.75, 8.8, 'Venta', 'Zona Norte', '2000-01-12', '2009-12-03');"
ALGH20C17S228,20,17,Algar,1920.87,16.45,Arrendamiento,Valle Sur,2011-09-08,2018-05-12,,"INSERT INTO hazas (idHaza, nHaza, caballerizas, partido, rentaAnual, hectareas, uso, localizacion, fechaInicio, fechaFin) VALUES ('ALGH20C17S228', 20, 17, 'Algar', 1920.87, 16.45, 'Arrendamiento', 'Valle Sur', '2011-09-08', '2018-05-12');"
ALGH11C15S491,11,15,Algar,1642.06,19.07,Arrendamiento,Pradera Oeste,2008-01-23,2009-06-23,,"INSERT INTO hazas (idHaza, nHaza, caballerizas, partido, rentaAnual, hectareas, uso, localizacion, fechaInicio, fechaFin) VALUES ('ALGH11C15S491', 11, 15, 'Algar', 1642.06, 19.07, 'Arrendamiento', 'Pradera Oeste', '2008-01-23', '2009-06-23');"
COMH15C9S389,15,9,Compradizas,1094.75,17.78,Cultivo,Centro Agrícola,2008-09-01,2015-04-27,,"INSERT INTO hazas (idHaza, nHaza, caballerizas, partido, rentaAnual, hectareas, uso, localizacion, fechaInicio, fechaFin) VALUES ('COMH15C9S389', 15, 9, 'Compradizas', 1094.75, 17.78, 'Cultivo', 'Centro Agrícola', '2008-09-01', '2015-04-27');"
MANH2C20S117,2,20,Manzanete,1820.98,1.44,Venta,Pradera Oeste,2006-08-07,2013-08-05,,"INSERT INTO hazas (idHaza, nHaza, caballerizas, partido, rentaAnual, hectareas, uso, localizacion, fechaInicio, fechaFin) VALUES ('MANH2C20S117', 2, 20, 'Manzanete', 1820.98, 1.44, 'Venta', 'Pradera Oeste', '2006-08-07', '2013-08-05');"
MARH7C19S100,7,19,Marmosilla,1143.65,6.41,Militar,Pradera Oeste,2005-07-04,2009-12-07,,"INSERT INTO hazas (idHaza, nHaza, caballerizas, partido, rentaAnual, hectareas, uso, localizacion, fechaInicio, fechaFin) VALUES ('MARH7C19S100', 7, 19, 'Marmosilla', 1143.65, 6.41, 'Militar', 'Pradera Oeste', '2005-07-04', '2009-12-07');"
CANH2C13S979,2,13,Cantarranas,1813.03,7.76,Militar,Zona Norte,2013-01-17,2022-01-30,,"INSERT INTO hazas (idHaza, nHaza, caballerizas, partido, rentaAnual, hectareas, uso, localizacion, fechaInicio, fechaFin) VALUES ('CANH2C13S979', 2, 13, 'Cantarranas', 1813.03, 7.76, 'Militar', 'Zona Norte', '2013-01-17', '2022-01-30');"
COMH4C10S619,4,10,Compradizas,1568.18,19.93,Arrendamiento,Colina Este,2001-02-26,2003-12-17,,"INSERT INTO hazas (idHaza, nHaza, caballerizas, partido, rentaAnual, hectareas, uso, localizacion, fechaInicio, fechaFin) VALUES ('COMH4C10S619', 4, 10, 'Compradizas', 1568.18, 19.93, 'Arrendamiento', 'Colina Este', '2001-02-26', '2003-12-17');"
MANH6C4S860,6,4,Manzanete,1299.22,1.72,Militar,Valle Sur,2012-09-01,2022-08-17,,"INSERT INTO hazas (idHaza, nHaza, caballerizas, partido, rentaAnual, hectareas, uso, localizacion, fechaInicio, fechaFin) VALUES ('MANH6C4S860', 6, 4, 'Manzanete', 1299.22, 1.72, 'Militar', 'Valle Sur', '2012-09-01', '2022-08-17');"
EL H9C13S273,9,13,El águila,1810.42,2.77,Arrendamiento,Pradera Oeste,2013-10-21,2022-07-27,,"INSERT INTO hazas (idHaza, nHaza, caballerizas, partido, rentaAnual, hectareas, uso, localizacion, fechaInicio, fechaFin) VALUES ('EL H9C13S273', 9, 13, 'El águila', 1810.42, 2.77, 'Arrendamiento', 'Pradera Oeste', '2013-10-21', '2022-07-27');"
CANH11C7S502,11,7,Cantarranas,1796.45,14.05,Arrendamiento,Colina Este,2009-04-20,2014-08-02,,"INSERT INTO hazas (idHaza, nHaza, caballerizas, partido, rentaAnual, hectareas, uso, localizacion, fechaInicio, fechaFin) VALUES ('CANH11C7S502', 11, 7, 'Cantarranas', 1796.45, 14.05, 'Arrendamiento', 'Colina Este', '2009-04-20', '2014-08-02');"
LASH5C7S850,5,7,Las Corderas,1741.17,7.77,Arrendamiento,Valle Sur,2008-01-16,2009-04-27,,"INSERT INTO hazas (idHaza, nHaza, caballerizas, partido, rentaAnual, hectareas, uso, localizacion, fechaInicio, fechaFin) VALUES ('LASH5C7S850', 5, 7, 'Las Corderas', 1741.17, 7.77, 'Arrendamiento', 'Valle Sur', '2008-01-16', '2009-04-27');"
ALGH19C17S967,19,17,Algar,1455.56,14.8,Cultivo,Zona Norte,2015-07-30,2017-10-12,,"INSERT INTO hazas (idHaza, nHaza, caballerizas, partido, rentaAnual, hectareas, uso, localizacion, fechaInicio, fechaFin) VALUES ('ALGH19C17S967', 19, 17, 'Algar', 1455.56, 14.8, 'Cultivo', 'Zona Norte', '2015-07-30', '2017-10-12');"
MARH10C20S876,10,20,Marmosilla,1679.96,8.64,Cultivo,Pradera Oeste,2003-05-15,2005-08-13,,"INSERT INTO hazas (idHaza, nHaza, caballerizas, partido, rentaAnual, hectareas, uso, localizacion, fechaInicio, fechaFin) VALUES ('MARH10C20S876', 10, 20, 'Marmosilla', 1679.96, 8.64, 'Cultivo', 'Pradera Oeste', '2003-05-15', '2005-08-13');"
MARH7C11S175,7,11,Marmosilla,1003.21,16.88,Militar,Centro Agrícola,2012-05-28,2015-12-04,,"INSERT INTO hazas (idHaza, nHaza, caballerizas, partido, rentaAnual, hectareas, uso, localizacion, fechaInicio, fechaFin) VALUES ('MARH7C11S175', 7, 11, 'Marmosilla', 1003.21, 16.88, 'Militar', 'Centro Agrícola', '2012-05-28', '2015-12-04');"
COMH2C16S677,2,16,Compradizas,1831.44,11.09,Militar,Pradera Oeste,2000-08-30,2005-06-14,,"INSERT INTO hazas (idHaza, nHaza, caballerizas, partido, rentaAnual, hectareas, uso, localizacion, fechaInicio, fechaFin) VALUES ('COMH2C16S677', 2, 16, 'Compradizas', 1831.44, 11.09, 'Militar', 'Pradera Oeste', '2000-08-30', '2005-06-14');"
MANH13C1S707,13,1,Manzanete,1979.95,11.48,Venta,Valle Sur,2019-02-06,2027-12-07,,"INSERT INTO hazas (idHaza, nHaza, caballerizas, partido, rentaAnual, hectareas, uso, localizacion, fechaInicio, fechaFin) VALUES ('MANH13C1S707', 13, 1, 'Manzanete', 1979.95, 11.48, 'Venta', 'Valle Sur', '2019-02-06', '2027-12-07');"
LASH3C14S899,3,14,Las Corderas,1100.39,15.25,Arrendamiento,Zona Norte,2005-01-17,2011-05-18,,"INSERT INTO hazas (idHaza, nHaza, caballerizas, partido, rentaAnual, hectareas, uso, localizacion, fechaInicio, fechaFin) VALUES ('LASH3C14S899', 3, 14, 'Las Corderas', 1100.39, 15.25, 'Arrendamiento', 'Zona Norte', '2005-01-17', '2011-05-18');"
COMH13C3S647,13,3,Compradizas,1563.74,4.21,Venta,Zona Norte,2006-07-25,2007-09-02,,"INSERT INTO hazas (idHaza, nHaza, caballerizas, partido, rentaAnual, hectareas, uso, localizacion, fechaInicio, fechaFin) VALUES ('COMH13C3S647', 13, 3, 'Compradizas', 1563.74, 4.21, 'Venta', 'Zona Norte', '2006-07-25', '2007-09-02');"
MANH14C1S252,14,1,Manzanete,1052.07,17.3,Militar,Colina Este,2023-08-20,2031-03-06,,"INSERT INTO hazas (idHaza, nHaza, caballerizas, partido, rentaAnual, hectareas, uso, localizacion, fechaInicio, fechaFin) VALUES ('MANH14C1S252', 14, 1, 'Manzanete', 1052.07, 17.3, 'Militar', 'Colina Este', '2023-08-20', '2031-03-06');"
LASH16C7S785,16,7,Las Corderas,1936.66,9.15,Militar,Zona Norte,2016-10-15,2017-09-07,,"INSERT INTO hazas (idHaza, nHaza, caballerizas, partido, rentaAnual, hectareas, uso, localizacion, fechaInicio, fechaFin) VALUES ('LASH16C7S785', 16, 7, 'Las Corderas', 1936.66, 9.15, 'Militar', 'Zona Norte', '2016-10-15', '2017-09-07');"
CANH14C18S141,14,18,Cantarranas,1272.21,7.36,Arrendamiento,Pradera Oeste,2022-03-17,2029-01-29,,"INSERT INTO hazas (idHaza, nHaza, caballerizas, partido, rentaAnual, hectareas, uso, localizacion, fechaInicio, fechaFin) VALUES ('CANH14C18S141', 14, 18, 'Cantarranas', 1272.21, 7.36, 'Arrendamiento', 'Pradera Oeste', '2022-03-17', '2029-01-29');"
CANH16C6S823,16,6,Cantarranas,1809.89,19.63,Cultivo,Valle Sur,2017-10-18,2024-07-16,,"INSERT INTO hazas (idHaza, nHaza, caballerizas, partido, rentaAnual, hectareas, uso, localizacion, fechaInicio, fechaFin) VALUES ('CANH16C6S823', 16, 6, 'Cantarranas', 1809.89, 19.63, 'Cultivo', 'Valle Sur', '2017-10-18', '2024-07-16');"
MANH3C17S734,3,17,Manzanete,1546.89,4.41,Venta,Valle Sur,2017-07-12,2026-06-23,,"INSERT INTO hazas (idHaza, nHaza, caballerizas, partido, rentaAnual, hectareas, uso, localizacion, fechaInicio, fechaFin) VALUES ('MANH3C17S734', 3, 17, 'Manzanete', 1546.89, 4.41, 'Venta', 'Valle Sur', '2017-07-12', '2026-06-23');"
MARH9C7S439,9,7,Marmosilla,1084.94,6.04,Militar,Pradera Oeste,2017-08-01,2026-10-17,,"INSERT INTO hazas (idHaza, nHaza, caballerizas, partido, rentaAnual, hectareas, uso, localizacion, fechaInicio, fechaFin) VALUES ('MARH9C7S439', 9, 7, 'Marmosilla', 1084.94, 6.04, 'Militar', 'Pradera Oeste', '2017-08-01', '2026-10-17');"
COMH13C18S971,13,18,Compradizas,1869.81,11.95,Arrendamiento,Valle Sur,2021-04-08,2028-10-05,,"INSERT INTO hazas (idHaza, nHaza, caballerizas, partido, rentaAnual, hectareas, uso, localizacion, fechaInicio, fechaFin) VALUES ('COMH13C18S971', 13, 18, 'Compradizas', 1869.81, 11.95, 'Arrendamiento', 'Valle Sur', '2021-04-08', '2028-10-05');"
CANH5C15S696,5,15,Cantarranas,1687.38,18.88,Arrendamiento,Centro Agrícola,2012-02-25,2019-11-22,,"INSERT INTO hazas (idHaza, nHaza, caballerizas, partido, rentaAnual, hectareas, uso, localizacion, fechaInicio, fechaFin) VALUES ('CANH5C15S696', 5, 15, 'Cantarranas', 1687.38, 18.88, 'Arrendamiento', 'Centro Agrícola', '2012-02-25', '2019-11-22');"
MANH2C3S224,2,3,Manzanete,1209.6,6.11,Cultivo,Pradera Oeste,2015-11-12,2016-03-14,,"INSERT INTO hazas (idHaza, nHaza, caballerizas, partido, rentaAnual, hectareas, uso, localizacion, fechaInicio, fechaFin) VALUES ('MANH2C3S224', 2, 3, 'Manzanete', 1209.6, 6.11, 'Cultivo', 'Pradera Oeste', '2015-11-12', '2016-03-14');"
MANH2C19S466,2,19,Manzanete,1525.54,12.2,Cultivo,Zona Norte,2000-01-16,2006-03-01,,"INSERT INTO hazas (idHaza, nHaza, caballerizas, partido, rentaAnual, hectareas, uso, localizacion, fechaInicio, fechaFin) VALUES ('MANH2C19S466', 2, 19, 'Manzanete', 1525.54, 12.2, 'Cultivo', 'Zona Norte', '2000-01-16', '2006-03-01');"
MARH3C18S869,3,18,Marmosilla,1616.67,5.38,Militar,Centro Agrícola,2016-09-12,2025-07-29,,"INSERT INTO hazas (idHaza, nHaza, caballerizas, partido, rentaAnual, hectareas, uso, localizacion, fechaInicio, fechaFin) VALUES ('MARH3C18S869', 3, 18, 'Marmosilla', 1616.67, 5.38, 'Militar', 'Centro Agrícola', '2016-09-12', '2025-07-29');"
ALGH1C10S130,1,10,Algar,1831.39,18.53,Militar,Zona Norte,2010-09-15,2020-07-31,,"INSERT INTO hazas (idHaza, nHaza, caballerizas, partido, rentaAnual, hectareas, uso, localizacion, fechaInicio, fechaFin) VALUES ('ALGH1C10S130', 1, 10, 'Algar', 1831.39, 18.53, 'Militar', 'Zona Norte', '2010-09-15', '2020-07-31');"
LASH9C4S970,9,4,Las Corderas,1002.8,18.69,Arrendamiento,Valle Sur,2001-01-26,2010-06-08,,"INSERT INTO hazas (idHaza, nHaza, caballerizas, partido, rentaAnual, hectareas, uso, localizacion, fechaInicio, fechaFin) VALUES ('LASH9C4S970', 9, 4, 'Las Corderas', 1002.8, 18.69, 'Arrendamiento', 'Valle Sur', '2001-01-26', '2010-06-08');"
MANH20C3S438,20,3,Manzanete,1779.77,1.99,Cultivo,Colina Este,2022-06-17,2027-08-08,,"INSERT INTO hazas (idHaza, nHaza, caballerizas, partido, rentaAnual, hectareas, uso, localizacion, fechaInicio, fechaFin) VALUES ('MANH20C3S438', 20, 3, 'Manzanete', 1779.77, 1.99, 'Cultivo', 'Colina Este', '2022-06-17', '2027-08-08');"
MANH8C5S338,8,5,Manzanete,1758.94,5.45,Cultivo,Zona Norte,2024-09-30,2027-06-27,,"INSERT INTO hazas (idHaza, nHaza, caballerizas, partido, rentaAnual, hectareas, uso, localizacion, fechaInicio, fechaFin) VALUES ('MANH8C5S338', 8, 5, 'Manzanete', 1758.94, 5.45, 'Cultivo', 'Zona Norte', '2024-09-30', '2027-06-27');"
LASH2C3S130,2,3,Las Corderas,1899.77,4.48,Militar,Valle Sur,2022-06-08,2030-09-15,,"INSERT INTO hazas (idHaza, nHaza, caballerizas, partido, rentaAnual, hectareas, uso, localizacion, fechaInicio, fechaFin) VALUES ('LASH2C3S130', 2, 3, 'Las Corderas', 1899.77, 4.48, 'Militar', 'Valle Sur', '2022-06-08', '2030-09-15');"
LASH17C1S966,17,1,Las Corderas,1101.07,11.22,Arrendamiento,Colina Este,2019-06-26,2021-04-08,,"INSERT INTO hazas (idHaza, nHaza, caballerizas, partido, rentaAnual, hectareas, uso, localizacion, fechaInicio, fechaFin) VALUES ('LASH17C1S966', 17, 1, 'Las Corderas', 1101.07, 11.22, 'Arrendamiento', 'Colina Este', '2019-06-26', '2021-04-08');"
EL H15C14S484,15,14,El águila,1022.86,16.49,Arrendamiento,Zona Norte,2006-11-07,2016-06-01,,"INSERT INTO hazas (idHaza, nHaza, caballerizas, partido, rentaAnual, hectareas, uso, localizacion, fechaInicio, fechaFin) VALUES ('EL H15C14S484', 15, 14, 'El águila', 1022.86, 16.49, 'Arrendamiento', 'Zona Norte', '2006-11-07', '2016-06-01');"
COMH4C19S229,4,19,Compradizas,1006.18,18.53,Venta,Zona Norte,2015-07-13,2024-12-19,,"INSERT INTO hazas (idHaza, nHaza, caballerizas, partido, rentaAnual, hectareas, uso, localizacion, fechaInicio, fechaFin) VALUES ('COMH4C19S229', 4, 19, 'Compradizas', 1006.18, 18.53, 'Venta', 'Zona Norte', '2015-07-13', '2024-12-19');"
EL H15C9S113,15,9,El águila,1499.88,7.14,Militar,Pradera Oeste,2000-02-01,2005-10-31,,"INSERT INTO hazas (idHaza, nHaza, caballerizas, partido, rentaAnual, hectareas, uso, localizacion, fechaInicio, fechaFin) VALUES ('EL H15C9S113', 15, 9, 'El águila', 1499.88, 7.14, 'Militar', 'Pradera Oeste', '2000-02-01', '2005-10-31');"
ALGH5C9S622,5,9,Algar,1610.89,10.34,Arrendamiento,Colina Este,2018-05-07,2022-10-27,,"INSERT INTO hazas (idHaza, nHaza, caballerizas, partido, rentaAnual, hectareas, uso, localizacion, fechaInicio, fechaFin) VALUES ('ALGH5C9S622', 5, 9, 'Algar', 1610.89, 10.34, 'Arrendamiento', 'Colina Este', '2018-05-07', '2022-10-27');"
CANH11C11S709,11,11,Cantarranas,1027.51,8.95,Militar,Valle Sur,2019-02-18,2028-08-05,,"INSERT INTO hazas (idHaza, nHaza, caballerizas, partido, rentaAnual, hectareas, uso, localizacion, fechaInicio, fechaFin) VALUES ('CANH11C11S709', 11, 11, 'Cantarranas', 1027.51, 8.95, 'Militar', 'Valle Sur', '2019-02-18', '2028-08-05');"
COMH10C7S295,10,7,Compradizas,1609.01,6.51,Arrendamiento,Valle Sur,2012-05-03,2017-10-15,,"INSERT INTO hazas (idHaza, nHaza, caballerizas, partido, rentaAnual, hectareas, uso, localizacion, fechaInicio, fechaFin) VALUES ('COMH10C7S295', 10, 7, 'Compradizas', 1609.01, 6.51, 'Arrendamiento', 'Valle Sur', '2012-05-03', '2017-10-15');"
EL H13C4S523,13,4,El águila,1056.79,7.5,Arrendamiento,Pradera Oeste,2005-01-29,2012-01-22,,"INSERT INTO hazas (idHaza, nHaza, caballerizas, partido, rentaAnual, hectareas, uso, localizacion, fechaInicio, fechaFin) VALUES ('EL H13C4S523', 13, 4, 'El águila', 1056.79, 7.5, 'Arrendamiento', 'Pradera Oeste', '2005-01-29', '2012-01-22');"
CANH6C15S831,6,15,Cantarranas,1186.69,7.33,Militar,Colina Este,2022-07-01,2029-10-06,,"INSERT INTO hazas (idHaza, nHaza, caballerizas, partido, rentaAnual, hectareas, uso, localizacion, fechaInicio, fechaFin) VALUES ('CANH6C15S831', 6, 15, 'Cantarranas', 1186.69, 7.33, 'Militar', 'Colina Este', '2022-07-01', '2029-10-06');"
MANH17C3S458,17,3,Manzanete,1442.02,14.06,Venta,Valle Sur,2009-03-15,2012-12-03,,"INSERT INTO hazas (idHaza, nHaza, caballerizas, partido, rentaAnual, hectareas, uso, localizacion, fechaInicio, fechaFin) VALUES ('MANH17C3S458', 17, 3, 'Manzanete', 1442.02, 14.06, 'Venta', 'Valle Sur', '2009-03-15', '2012-12-03');"
EL H15C5S772,15,5,El águila,1455.91,17.85,Arrendamiento,Pradera Oeste,2017-11-07,2019-09-27,,"INSERT INTO hazas (idHaza, nHaza, caballerizas, partido, rentaAnual, hectareas, uso, localizacion, fechaInicio, fechaFin) VALUES ('EL H15C5S772', 15, 5, 'El águila', 1455.91, 17.85, 'Arrendamiento', 'Pradera Oeste', '2017-11-07', '2019-09-27');"
EL H6C16S261,6,16,El águila,1888.37,7.37,Venta,Colina Este,2017-06-22,2023-02-11,,"INSERT INTO hazas (idHaza, nHaza, caballerizas, partido, rentaAnual, hectareas, uso, localizacion, fechaInicio, fechaFin) VALUES ('EL H6C16S261', 6, 16, 'El águila', 1888.37, 7.37, 'Venta', 'Colina Este', '2017-06-22', '2023-02-11');"
MARH5C11S102,5,11,Marmosilla,1996.31,18.81,Cultivo,Colina Este,2024-09-18,2026-11-22,,"INSERT INTO hazas (idHaza, nHaza, caballerizas, partido, rentaAnual, hectareas, uso, localizacion, fechaInicio, fechaFin) VALUES ('MARH5C11S102', 5, 11, 'Marmosilla', 1996.31, 18.81, 'Cultivo', 'Colina Este', '2024-09-18', '2026-11-22');"
BUJH19C7S250,19,7,Bujar,1608.47,4.68,Arrendamiento,Centro Agrícola,2010-11-21,2014-08-07,,"INSERT INTO hazas (idHaza, nHaza, caballerizas, partido, rentaAnual, hectareas, uso, localizacion, fechaInicio, fechaFin) VALUES ('BUJH19C7S250', 19, 7, 'Bujar', 1608.47, 4.68, 'Arrendamiento', 'Centro Agrícola', '2010-11-21', '2014-08-07');"
LASH11C14S249,11,14,Las Corderas,1133.93,6.52,Venta,Centro Agrícola,2011-07-08,2019-04-04,,"INSERT INTO hazas (idHaza, nHaza, caballerizas, partido, rentaAnual, hectareas, uso, localizacion, fechaInicio, fechaFin) VALUES ('LASH11C14S249', 11, 14, 'Las Corderas', 1133.93, 6.52, 'Venta', 'Centro Agrícola', '2011-07-08', '2019-04-04');"
MARH7C19S145,7,19,Marmosilla,1086.32,18.0,Cultivo,Colina Este,2023-01-25,2031-11-03,,"INSERT INTO hazas (idHaza, nHaza, caballerizas, partido, rentaAnual, hectareas, uso, localizacion, fechaInicio, fechaFin) VALUES ('MARH7C19S145', 7, 19, 'Marmosilla', 1086.32, 18.0, 'Cultivo', 'Colina Este', '2023-01-25', '2031-11-03');"
MARH11C4S908,11,4,Marmosilla,1034.18,12.12,Venta,Colina Este,2022-10-18,2030-10-13,,"INSERT INTO hazas (idHaza, nHaza, caballerizas, partido, rentaAnual, hectareas, uso, localizacion, fechaInicio, fechaFin) VALUES ('MARH11C4S908', 11, 4, 'Marmosilla', 1034.18, 12.12, 'Venta', 'Colina Este', '2022-10-18', '2030-10-13');"
LASH14C5S436,14,5,Las Corderas,1142.18,7.03,Militar,Zona Norte,2007-06-14,2014-07-15,,"INSERT INTO hazas (idHaza, nHaza, caballerizas, partido, rentaAnual, hectareas, uso, localizacion, fechaInicio, fechaFin) VALUES ('LASH14C5S436', 14, 5, 'Las Corderas', 1142.18, 7.03, 'Militar', 'Zona Norte', '2007-06-14', '2014-07-15');"
BUJH4C9S218,4,9,Bujar,1036.51,7.32,Arrendamiento,Centro Agrícola,2000-10-01,2001-12-03,,"INSERT INTO hazas (idHaza, nHaza, caballerizas, partido, rentaAnual, hectareas, uso, localizacion, fechaInicio, fechaFin) VALUES ('BUJH4C9S218', 4, 9, 'Bujar', 1036.51, 7.32, 'Arrendamiento', 'Centro Agrícola', '2000-10-01', '2001-12-03');"
CANH19C1S317,19,1,Cantarranas,1784.84,9.04,Venta,Zona Norte,2001-08-22,2002-04-14,,"INSERT INTO hazas (idHaza, nHaza, caballerizas, partido, rentaAnual, hectareas, uso, localizacion, fechaInicio, fechaFin) VALUES ('CANH19C1S317', 19, 1, 'Cantarranas', 1784.84, 9.04, 'Venta', 'Zona Norte', '2001-08-22', '2002-04-14');"
CANH7C2S537,7,2,Cantarranas,1308.32,15.28,Venta,Colina Este,2018-07-05,2028-06-25,,"INSERT INTO hazas (idHaza, nHaza, caballerizas, partido, rentaAnual, hectareas, uso, localizacion, fechaInicio, fechaFin) VALUES ('CANH7C2S537', 7, 2, 'Cantarranas', 1308.32, 15.28, 'Venta', 'Colina Este', '2018-07-05', '2028-06-25');"
BUJH13C1S844,13,1,Bujar,1414.68,18.2,Militar,Centro Agrícola,2018-03-14,2024-05-27,,"INSERT INTO hazas (idHaza, nHaza, caballerizas, partido, rentaAnual, hectareas, uso, localizacion, fechaInicio, fechaFin) VALUES ('BUJH13C1S844', 13, 1, 'Bujar', 1414.68, 18.2, 'Militar', 'Centro Agrícola', '2018-03-14', '2024-05-27');"
LASH9C4S594,9,4,Las Corderas,1384.99,17.87,Militar,Centro Agrícola,2007-12-30,2017-08-04,,"INSERT INTO hazas (idHaza, nHaza, caballerizas, partido, rentaAnual, hectareas, uso, localizacion, fechaInicio, fechaFin) VALUES ('LASH9C4S594', 9, 4, 'Las Corderas', 1384.99, 17.87, 'Militar', 'Centro Agrícola', '2007-12-30', '2017-08-04');"
MARH7C17S646,7,17,Marmosilla,1726.87,15.43,Cultivo,Colina Este,2002-07-09,2006-06-24,,"INSERT INTO hazas (idHaza, nHaza, caballerizas, partido, rentaAnual, hectareas, uso, localizacion, fechaInicio, fechaFin) VALUES ('MARH7C17S646', 7, 17, 'Marmosilla', 1726.87, 15.43, 'Cultivo', 'Colina Este', '2002-07-09', '2006-06-24');"
BUJH20C20S569,20,20,Bujar,1948.8,18.51,Venta,Centro Agrícola,2006-04-19,2013-12-02,,"INSERT INTO hazas (idHaza, nHaza, caballerizas, partido, rentaAnual, hectareas, uso, localizacion, fechaInicio, fechaFin) VALUES ('BUJH20C20S569', 20, 20, 'Bujar', 1948.8, 18.51, 'Venta', 'Centro Agrícola', '2006-04-19', '2013-12-02');"
MARH15C2S598,15,2,Marmosilla,1355.84,5.18,Cultivo,Pradera Oeste,2016-06-19,2026-05-29,,"INSERT INTO hazas (idHaza, nHaza, caballerizas, partido, rentaAnual, hectareas, uso, localizacion, fechaInicio, fechaFin) VALUES ('MARH15C2S598', 15, 2, 'Marmosilla', 1355.84, 5.18, 'Cultivo', 'Pradera Oeste', '2016-06-19', '2026-05-29');"
BUJH7C4S780,7,4,Bujar,1027.51,11.35,Arrendamiento,Zona Norte,2004-04-13,2006-09-08,,"INSERT INTO hazas (idHaza, nHaza, caballerizas, partido, rentaAnual, hectareas, uso, localizacion, fechaInicio, fechaFin) VALUES ('BUJH7C4S780', 7, 4, 'Bujar', 1027.51, 11.35, 'Arrendamiento', 'Zona Norte', '2004-04-13', '2006-09-08');"
COMH19C15S493,19,15,Compradizas,1013.17,4.9,Arrendamiento,Zona Norte,2010-03-18,2011-03-03,,"INSERT INTO hazas (idHaza, nHaza, caballerizas, partido, rentaAnual, hectareas, uso, localizacion, fechaInicio, fechaFin) VALUES ('COMH19C15S493', 19, 15, 'Compradizas', 1013.17, 4.9, 'Arrendamiento', 'Zona Norte', '2010-03-18', '2011-03-03');"
EL H4C4S784,4,4,El águila,1687.79,2.96,Venta,Colina Este,2014-02-05,2019-12-20,,"INSERT INTO hazas (idHaza, nHaza, caballerizas, partido, rentaAnual, hectareas, uso, localizacion, fechaInicio, fechaFin) VALUES ('EL H4C4S784', 4, 4, 'El águila', 1687.79, 2.96, 'Venta', 'Colina Este', '2014-02-05', '2019-12-20');"
CANH7C13S965,7,13,Cantarranas,1301.55,15.74,Militar,Zona Norte,2000-02-07,2005-08-31,,"INSERT INTO hazas (idHaza, nHaza, caballerizas, partido, rentaAnual, hectareas, uso, localizacion, fechaInicio, fechaFin) VALUES ('CANH7C13S965', 7, 13, 'Cantarranas', 1301.55, 15.74, 'Militar', 'Zona Norte', '2000-02-07', '2005-08-31');"
CANH2C20S424,2,20,Cantarranas,1831.33,15.36,Militar,Valle Sur,2007-03-14,2010-08-20,,"INSERT INTO hazas (idHaza, nHaza, caballerizas, partido, rentaAnual, hectareas, uso, localizacion, fechaInicio, fechaFin) VALUES ('CANH2C20S424', 2, 20, 'Cantarranas', 1831.33, 15.36, 'Militar', 'Valle Sur', '2007-03-14', '2010-08-20');"
ALGH20C18S972,20,18,Algar,1127.19,13.45,Venta,Valle Sur,2013-12-30,2017-08-19,,"INSERT INTO hazas (idHaza, nHaza, caballerizas, partido, rentaAnual, hectareas, uso, localizacion, fechaInicio, fechaFin) VALUES ('ALGH20C18S972', 20, 18, 'Algar', 1127.19, 13.45, 'Venta', 'Valle Sur', '2013-12-30', '2017-08-19');"
LASH20C4S139,20,4,Las Corderas,1355.11,18.24,Arrendamiento,Colina Este,2002-02-17,2009-09-28,,"INSERT INTO hazas (idHaza, nHaza, caballerizas, partido, rentaAnual, hectareas, uso, localizacion, fechaInicio, fechaFin) VALUES ('LASH20C4S139', 20, 4, 'Las Corderas', 1355.11, 18.24, 'Arrendamiento', 'Colina Este', '2002-02-17', '2009-09-28');"
BUJH13C15S305,13,15,Bujar,1185.94,19.2,Arrendamiento,Valle Sur,2002-01-17,2009-03-17,,"INSERT INTO hazas (idHaza, nHaza, caballerizas, partido, rentaAnual, hectareas, uso, localizacion, fechaInicio, fechaFin) VALUES ('BUJH13C15S305', 13, 15, 'Bujar', 1185.94, 19.2, 'Arrendamiento', 'Valle Sur', '2002-01-17', '2009-03-17');"
COMH11C4S454,11,4,Compradizas,1303.46,15.49,Venta,Valle Sur,2021-06-24,2029-05-27,,"INSERT INTO hazas (idHaza, nHaza, caballerizas, partido, rentaAnual, hectareas, uso, localizacion, fechaInicio, fechaFin) VALUES ('COMH11C4S454', 11, 4, 'Compradizas', 1303.46, 15.49, 'Venta', 'Valle Sur', '2021-06-24', '2029-05-27');"
EL H17C8S923,17,8,El águila,1642.11,3.58,Militar,Zona Norte,2016-10-30,2025-12-03,,"INSERT INTO hazas (idHaza, nHaza, caballerizas, partido, rentaAnual, hectareas, uso, localizacion, fechaInicio, fechaFin) VALUES ('EL H17C8S923', 17, 8, 'El águila', 1642.11, 3.58, 'Militar', 'Zona Norte', '2016-10-30', '2025-12-03');"
ALGH11C6S690,11,6,Algar,1886.15,6.65,Venta,Zona Norte,2002-07-14,2012-03-11,,"INSERT INTO hazas (idHaza, nHaza, caballerizas, partido, rentaAnual, hectareas, uso, localizacion, fechaInicio, fechaFin) VALUES ('ALGH11C6S690', 11, 6, 'Algar', 1886.15, 6.65, 'Venta', 'Zona Norte', '2002-07-14', '2012-03-11');"
LASH14C10S292,14,10,Las Corderas,1872.03,13.81,Arrendamiento,Zona Norte,2008-10-25,2009-11-11,,"INSERT INTO hazas (idHaza, nHaza, caballerizas, partido, rentaAnual, hectareas, uso, localizacion, fechaInicio, fechaFin) VALUES ('LASH14C10S292', 14, 10, 'Las Corderas', 1872.03, 13.81, 'Arrendamiento', 'Zona Norte', '2008-10-25', '2009-11-11');"
ALGH17C10S911,17,10,Algar,1231.88,11.64,Militar,Centro Agrícola,2000-12-09,2006-08-22,,"INSERT INTO hazas (idHaza, nHaza, caballerizas, partido, rentaAnual, hectareas, uso, localizacion, fechaInicio, fechaFin) VALUES ('ALGH17C10S911', 17, 10, 'Algar', 1231.88, 11.64, 'Militar', 'Centro Agrícola', '2000-12-09', '2006-08-22');"
LASH11C1S266,11,1,Las Corderas,1258.65,14.25,Arrendamiento,Centro Agrícola,2004-08-27,2014-07-15,,"INSERT INTO hazas (idHaza, nHaza, caballerizas, partido, rentaAnual, hectareas, uso, localizacion, fechaInicio, fechaFin) VALUES ('LASH11C1S266', 11, 1, 'Las Corderas', 1258.65, 14.25, 'Arrendamiento', 'Centro Agrícola', '2004-08-27', '2014-07-15');"
LASH16C7S521,16,7,Las Corderas,1947.98,12.14,Arrendamiento,Centro Agrícola,2019-04-10,2020-01-02,,"INSERT INTO hazas (idHaza, nHaza, caballerizas, partido, rentaAnual, hectareas, uso, localizacion, fechaInicio, fechaFin) VALUES ('LASH16C7S521', 16, 7, 'Las Corderas', 1947.98, 12.14, 'Arrendamiento', 'Centro Agrícola', '2019-04-10', '2020-01-02');"
MARH20C16S608,20,16,Marmosilla,1218.13,2.07,Militar,Colina Este,2022-05-02,2026-01-30,,"INSERT INTO hazas (idHaza, nHaza, caballerizas, partido, rentaAnual, hectareas, uso, localizacion, fechaInicio, fechaFin) VALUES ('MARH20C16S608', 20, 16, 'Marmosilla', 1218.13, 2.07, 'Militar', 'Colina Este', '2022-05-02', '2026-01-30');"
EL H12C19S840,12,19,El águila,1607.02,2.34,Militar,Colina Este,2004-08-24,2005-09-08,,"INSERT INTO hazas (idHaza, nHaza, caballerizas, partido, rentaAnual, hectareas, uso, localizacion, fechaInicio, fechaFin) VALUES ('EL H12C19S840', 12, 19, 'El águila', 1607.02, 2.34, 'Militar', 'Colina Este', '2004-08-24', '2005-09-08');"
COMH13C3S247,13,3,Compradizas,1799.49,8.53,Cultivo,Centro Agrícola,2009-05-04,2014-04-27,,"INSERT INTO hazas (idHaza, nHaza, caballerizas, partido, rentaAnual, hectareas, uso, localizacion, fechaInicio, fechaFin) VALUES ('COMH13C3S247', 13, 3, 'Compradizas', 1799.49, 8.53, 'Cultivo', 'Centro Agrícola', '2009-05-04', '2014-04-27');"
MANH9C11S787,9,11,Manzanete,1206.7,15.72,Arrendamiento,Centro Agrícola,2006-08-18,2015-08-25,,"INSERT INTO hazas (idHaza, nHaza, caballerizas, partido, rentaAnual, hectareas, uso, localizacion, fechaInicio, fechaFin) VALUES ('MANH9C11S787', 9, 11, 'Manzanete', 1206.7, 15.72, 'Arrendamiento', 'Centro Agrícola', '2006-08-18', '2015-08-25');"
BUJH16C9S570,16,9,Bujar,1832.7,7.19,Cultivo,Colina Este,2023-01-14,2026-03-20,,"INSERT INTO hazas (idHaza, nHaza, caballerizas, partido, rentaAnual, hectareas, uso, localizacion, fechaInicio, fechaFin) VALUES ('BUJH16C9S570', 16, 9, 'Bujar', 1832.7, 7.19, 'Cultivo', 'Colina Este', '2023-01-14', '2026-03-20');"
LASH8C19S772,8,19,Las Corderas,1715.64,2.26,Cultivo,Centro Agrícola,2023-01-12,2025-12-03,,"INSERT INTO hazas (idHaza, nHaza, caballerizas, partido, rentaAnual, hectareas, uso, localizacion, fechaInicio, fechaFin) VALUES ('LASH8C19S772', 8, 19, 'Las Corderas', 1715.64, 2.26, 'Cultivo', 'Centro Agrícola', '2023-01-12', '2025-12-03');"
MARH8C18S661,8,18,Marmosilla,1791.63,4.12,Venta,Pradera Oeste,2024-01-29,2024-10-27,,"INSERT INTO hazas (idHaza, nHaza, caballerizas, partido, rentaAnual, hectareas, uso, localizacion, fechaInicio, fechaFin) VALUES ('MARH8C18S661', 8, 18, 'Marmosilla', 1791.63, 4.12, 'Venta', 'Pradera Oeste', '2024-01-29', '2024-10-27');"
BUJH20C18S650,20,18,Bujar,1406.72,1.13,Venta,Valle Sur,2020-04-05,2027-02-09,,"INSERT INTO hazas (idHaza, nHaza, caballerizas, partido, rentaAnual, hectareas, uso, localizacion, fechaInicio, fechaFin) VALUES ('BUJH20C18S650', 20, 18, 'Bujar', 1406.72, 1.13, 'Venta', 'Valle Sur', '2020-04-05', '2027-02-09');"
MANH5C2S529,5,2,Manzanete,1781.01,12.97,Militar,Valle Sur,2003-09-14,2009-12-11,,"INSERT INTO hazas (idHaza, nHaza, caballerizas, partido, rentaAnual, hectareas, uso, localizacion, fechaInicio, fechaFin) VALUES ('MANH5C2S529', 5, 2, 'Manzanete', 1781.01, 12.97, 'Militar', 'Valle Sur', '2003-09-14', '2009-12-11');"
MARH19C3S901,19,3,Marmosilla,1026.64,8.49,Venta,Pradera Oeste,2015-08-17,2022-11-25,,"INSERT INTO hazas (idHaza, nHaza, caballerizas, partido, rentaAnual, hectareas, uso, localizacion, fechaInicio, fechaFin) VALUES ('MARH19C3S901', 19, 3, 'Marmosilla', 1026.64, 8.49, 'Venta', 'Pradera Oeste', '2015-08-17', '2022-11-25');"
MANH15C4S721,15,4,Manzanete,1278.35,10.74,Militar,Colina Este,2014-08-01,2023-05-27,,"INSERT INTO hazas (idHaza, nHaza, caballerizas, partido, rentaAnual, hectareas, uso, localizacion, fechaInicio, fechaFin) VALUES ('MANH15C4S721', 15, 4, 'Manzanete', 1278.35, 10.74, 'Militar', 'Colina Este', '2014-08-01', '2023-05-27');"
EL H3C15S937,3,15,El águila,1447.61,17.85,Militar,Centro Agrícola,2006-10-30,2014-05-30,,"INSERT INTO hazas (idHaza, nHaza, caballerizas, partido, rentaAnual, hectareas, uso, localizacion, fechaInicio, fechaFin) VALUES ('EL H3C15S937', 3, 15, 'El águila', 1447.61, 17.85, 'Militar', 'Centro Agrícola', '2006-10-30', '2014-05-30');"
CANH16C15S542,16,15,Cantarranas,1271.39,16.67,Cultivo,Valle Sur,2006-03-30,2013-02-24,,"INSERT INTO hazas (idHaza, nHaza, caballerizas, partido, rentaAnual, hectareas, uso, localizacion, fechaInicio, fechaFin) VALUES ('CANH16C15S542', 16, 15, 'Cantarranas', 1271.39, 16.67, 'Cultivo', 'Valle Sur', '2006-03-30', '2013-02-24');"
MANH8C17S365,8,17,Manzanete,1851.61,10.36,Arrendamiento,Colina Este,2024-01-19,2026-02-18,,"INSERT INTO hazas (idHaza, nHaza, caballerizas, partido, rentaAnual, hectareas, uso, localizacion, fechaInicio, fechaFin) VALUES ('MANH8C17S365', 8, 17, 'Manzanete', 1851.61, 10.36, 'Arrendamiento', 'Colina Este', '2024-01-19', '2026-02-18');"
MARH20C12S248,20,12,Marmosilla,1592.89,2.09,Venta,Valle Sur,2024-02-06,2032-06-17,,"INSERT INTO hazas (idHaza, nHaza, caballerizas, partido, rentaAnual, hectareas, uso, localizacion, fechaInicio, fechaFin) VALUES ('MARH20C12S248', 20, 12, 'Marmosilla', 1592.89, 2.09, 'Venta', 'Valle Sur', '2024-02-06', '2032-06-17');"
ALGH15C16S366,15,16,Algar,1092.27,10.0,Arrendamiento,Pradera Oeste,2007-05-08,2011-07-28,,"INSERT INTO hazas (idHaza, nHaza, caballerizas, partido, rentaAnual, hectareas, uso, localizacion, fechaInicio, fechaFin) VALUES ('ALGH15C16S366', 15, 16, 'Algar', 1092.27, 10.0, 'Arrendamiento', 'Pradera Oeste', '2007-05-08', '2011-07-28');"
MARH1C16S533,1,16,Marmosilla,1208.58,4.65,Militar,Zona Norte,2007-03-24,2007-10-05,,"INSERT INTO hazas (idHaza, nHaza, caballerizas, partido, rentaAnual, hectareas, uso, localizacion, fechaInicio, fechaFin) VALUES ('MARH1C16S533', 1, 16, 'Marmosilla', 1208.58, 4.65, 'Militar', 'Zona Norte', '2007-03-24', '2007-10-05');"
COMH12C15S786,12,15,Compradizas,1582.23,15.46,Venta,Pradera Oeste,2003-10-14,2013-09-15,,"INSERT INTO hazas (idHaza, nHaza, caballerizas, partido, rentaAnual, hectareas, uso, localizacion, fechaInicio, fechaFin) VALUES ('COMH12C15S786', 12, 15, 'Compradizas', 1582.23, 15.46, 'Venta', 'Pradera Oeste', '2003-10-14', '2013-09-15');"
EL H18C15S236,18,15,El águila,1863.67,17.82,Cultivo,Valle Sur,2016-04-08,2019-02-07,,"INSERT INTO hazas (idHaza, nHaza, caballerizas, partido, rentaAnual, hectareas, uso, localizacion, fechaInicio, fechaFin) VALUES ('EL H18C15S236', 18, 15, 'El águila', 1863.67, 17.82, 'Cultivo', 'Valle Sur', '2016-04-08', '2019-02-07');"
CANH15C5S341,15,5,Cantarranas,1784.73,14.79,Militar,Zona Norte,2005-05-18,2015-04-10,,"INSERT INTO hazas (idHaza, nHaza, caballerizas, partido, rentaAnual, hectareas, uso, localizacion, fechaInicio, fechaFin) VALUES ('CANH15C5S341', 15, 5, 'Cantarranas', 1784.73, 14.79, 'Militar', 'Zona Norte', '2005-05-18', '2015-04-10');"
EL H8C6S284,8,6,El águila,1254.35,12.09,Arrendamiento,Zona Norte,2008-04-30,2011-03-07,,"INSERT INTO hazas (idHaza, nHaza, caballerizas, partido, rentaAnual, hectareas, uso, localizacion, fechaInicio, fechaFin) VALUES ('EL H8C6S284', 8, 6, 'El águila', 1254.35, 12.09, 'Arrendamiento', 'Zona Norte', '2008-04-30', '2011-03-07');"
COMH15C12S289,15,12,Compradizas,1605.84,2.04,Venta,Valle Sur,2019-06-25,2024-09-29,,"INSERT INTO hazas (idHaza, nHaza, caballerizas, partido, rentaAnual, hectareas, uso, localizacion, fechaInicio, fechaFin) VALUES ('COMH15C12S289', 15, 12, 'Compradizas', 1605.84, 2.04, 'Venta', 'Valle Sur', '2019-06-25', '2024-09-29');"
LASH11C14S509,11,14,Las Corderas,1640.27,18.01,Venta,Zona Norte,2005-12-30,2008-10-31,,"INSERT INTO hazas (idHaza, nHaza, caballerizas, partido, rentaAnual, hectareas, uso, localizacion, fechaInicio, fechaFin) VALUES ('LASH11C14S509', 11, 14, 'Las Corderas', 1640.27, 18.01, 'Venta', 'Zona Norte', '2005-12-30', '2008-10-31');"
MARH4C20S648,4,20,Marmosilla,1108.82,4.64,Militar,Zona Norte,2021-04-04,2023-08-15,,"INSERT INTO hazas (idHaza, nHaza, caballerizas, partido, rentaAnual, hectareas, uso, localizacion, fechaInicio, fechaFin) VALUES ('MARH4C20S648', 4, 20, 'Marmosilla', 1108.82, 4.64, 'Militar', 'Zona Norte', '2021-04-04', '2023-08-15');"
CANH2C7S794,2,7,Cantarranas,1148.1,10.43,Venta,Zona Norte,2000-05-17,2001-03-29,,"INSERT INTO hazas (idHaza, nHaza, caballerizas, partido, rentaAnual, hectareas, uso, localizacion, fechaInicio, fechaFin) VALUES ('CANH2C7S794', 2, 7, 'Cantarranas', 1148.1, 10.43, 'Venta', 'Zona Norte', '2000-05-17', '2001-03-29');"
CANH18C5S473,18,5,Cantarranas,1902.05,11.62,Militar,Valle Sur,2016-02-29,2021-09-02,,"INSERT INTO hazas (idHaza, nHaza, caballerizas, partido, rentaAnual, hectareas, uso, localizacion, fechaInicio, fechaFin) VALUES ('CANH18C5S473', 18, 5, 'Cantarranas', 1902.05, 11.62, 'Militar', 'Valle Sur', '2016-02-29', '2021-09-02');"
LASH11C14S440,11,14,Las Corderas,1897.52,13.87,Venta,Centro Agrícola,2002-01-07,2009-10-06,,"INSERT INTO hazas (idHaza, nHaza, caballerizas, partido, rentaAnual, hectareas, uso, localizacion, fechaInicio, fechaFin) VALUES ('LASH11C14S440', 11, 14, 'Las Corderas', 1897.52, 13.87, 'Venta', 'Centro Agrícola', '2002-01-07', '2009-10-06');"
EL H2C11S415,2,11,El águila,1137.66,2.13,Cultivo,Pradera Oeste,2022-03-10,2022-06-28,,"INSERT INTO hazas (idHaza, nHaza, caballerizas, partido, rentaAnual, hectareas, uso, localizacion, fechaInicio, fechaFin) VALUES ('EL H2C11S415', 2, 11, 'El águila', 1137.66, 2.13, 'Cultivo', 'Pradera Oeste', '2022-03-10', '2022-06-28');"
LASH19C9S712,19,9,Las Corderas,1004.24,5.51,Venta,Centro Agrícola,2001-04-05,2004-05-26,,"INSERT INTO hazas (idHaza, nHaza, caballerizas, partido, rentaAnual, hectareas, uso, localizacion, fechaInicio, fechaFin) VALUES ('LASH19C9S712', 19, 9, 'Las Corderas', 1004.24, 5.51, 'Venta', 'Centro Agrícola', '2001-04-05', '2004-05-26');"
BUJH6C5S283,6,5,Bujar,1391.18,12.17,Arrendamiento,Zona Norte,2012-10-19,2017-03-11,,"INSERT INTO hazas (idHaza, nHaza, caballerizas, partido, rentaAnual, hectareas, uso, localizacion, fechaInicio, fechaFin) VALUES ('BUJH6C5S283', 6, 5, 'Bujar', 1391.18, 12.17, 'Arrendamiento', 'Zona Norte', '2012-10-19', '2017-03-11');"
LASH14C16S101,14,16,Las Corderas,1455.79,8.1,Arrendamiento,Zona Norte,2001-04-15,2011-03-27,,"INSERT INTO hazas (idHaza, nHaza, caballerizas, partido, rentaAnual, hectareas, uso, localizacion, fechaInicio, fechaFin) VALUES ('LASH14C16S101', 14, 16, 'Las Corderas', 1455.79, 8.1, 'Arrendamiento', 'Zona Norte', '2001-04-15', '2011-03-27');"
EL H14C4S865,14,4,El águila,1577.18,10.48,Cultivo,Centro Agrícola,2002-09-15,2009-11-20,,"INSERT INTO hazas (idHaza, nHaza, caballerizas, partido, rentaAnual, hectareas, uso, localizacion, fechaInicio, fechaFin) VALUES ('EL H14C4S865', 14, 4, 'El águila', 1577.18, 10.48, 'Cultivo', 'Centro Agrícola', '2002-09-15', '2009-11-20');"
ALGH4C19S340,4,19,Algar,1778.89,3.11,Militar,Colina Este,2015-10-04,2021-01-16,,"INSERT INTO hazas (idHaza, nHaza, caballerizas, partido, rentaAnual, hectareas, uso, localizacion, fechaInicio, fechaFin) VALUES ('ALGH4C19S340', 4, 19, 'Algar', 1778.89, 3.11, 'Militar', 'Colina Este', '2015-10-04', '2021-01-16');"
EL H20C12S151,20,12,El águila,1508.91,19.53,Militar,Colina Este,2016-02-13,2018-02-26,,"INSERT INTO hazas (idHaza, nHaza, caballerizas, partido, rentaAnual, hectareas, uso, localizacion, fechaInicio, fechaFin) VALUES ('EL H20C12S151', 20, 12, 'El águila', 1508.91, 19.53, 'Militar', 'Colina Este', '2016-02-13', '2018-02-26');"
LASH18C9S943,18,9,Las Corderas,1350.96,14.09,Cultivo,Centro Agrícola,2015-12-04,2021-09-12,,"INSERT INTO hazas (idHaza, nHaza, caballerizas, partido, rentaAnual, hectareas, uso, localizacion, fechaInicio, fechaFin) VALUES ('LASH18C9S943', 18, 9, 'Las Corderas', 1350.96, 14.09, 'Cultivo', 'Centro Agrícola', '2015-12-04', '2021-09-12');"
MANH17C14S278,17,14,Manzanete,1484.58,16.48,Cultivo,Valle Sur,2011-05-20,2021-01-17,,"INSERT INTO hazas (idHaza, nHaza, caballerizas, partido, rentaAnual, hectareas, uso, localizacion, fechaInicio, fechaFin) VALUES ('MANH17C14S278', 17, 14, 'Manzanete', 1484.58, 16.48, 'Cultivo', 'Valle Sur', '2011-05-20', '2021-01-17');"
MARH13C7S790,13,7,Marmosilla,1142.42,3.77,Arrendamiento,Valle Sur,2015-12-13,2022-04-23,,"INSERT INTO hazas (idHaza, nHaza, caballerizas, partido, rentaAnual, hectareas, uso, localizacion, fechaInicio, fechaFin) VALUES ('MARH13C7S790', 13, 7, 'Marmosilla', 1142.42, 3.77, 'Arrendamiento', 'Valle Sur', '2015-12-13', '2022-04-23');"
BUJH11C19S720,11,19,Bujar,1108.95,2.81,Venta,Valle Sur,2022-09-30,2028-10-20,,"INSERT INTO hazas (idHaza, nHaza, caballerizas, partido, rentaAnual, hectareas, uso, localizacion, fechaInicio, fechaFin) VALUES ('BUJH11C19S720', 11, 19, 'Bujar', 1108.95, 2.81, 'Venta', 'Valle Sur', '2022-09-30', '2028-10-20');"
LASH9C1S254,9,1,Las Corderas,1043.55,15.23,Cultivo,Colina Este,2002-02-15,2003-04-14,,"INSERT INTO hazas (idHaza, nHaza, caballerizas, partido, rentaAnual, hectareas, uso, localizacion, fechaInicio, fechaFin) VALUES ('LASH9C1S254', 9, 1, 'Las Corderas', 1043.55, 15.23, 'Cultivo', 'Colina Este', '2002-02-15', '2003-04-14');"
ALGH11C17S469,11,17,Algar,1130.52,14.05,Arrendamiento,Valle Sur,2017-10-12,2018-03-25,,"INSERT INTO hazas (idHaza, nHaza, caballerizas, partido, rentaAnual, hectareas, uso, localizacion, fechaInicio, fechaFin) VALUES ('ALGH11C17S469', 11, 17, 'Algar', 1130.52, 14.05, 'Arrendamiento', 'Valle Sur', '2017-10-12', '2018-03-25');"
COMH10C5S843,10,5,Compradizas,1599.73,1.77,Arrendamiento,Colina Este,2008-10-14,2015-06-16,,"INSERT INTO hazas (idHaza, nHaza, caballerizas, partido, rentaAnual, hectareas, uso, localizacion, fechaInicio, fechaFin) VALUES ('COMH10C5S843', 10, 5, 'Compradizas', 1599.73, 1.77, 'Arrendamiento', 'Colina Este', '2008-10-14', '2015-06-16');"
